{
    "hyperparameters": {
        "dropout": 0.3314950036607718,
        "noise_std": 0.03269124292259021,
        "n_augments": 8,
        "batch_size": 8,
        "lr": 0.00045745782054754043,
        "weight_decay": 3.488976654890367e-05,
        "epochs": 300,
        "patience": 50,
        "val_split": 0.15,
        "seed": 42
    },
    "best_val_loss": 0.17669773598512015,
    "train_history": {
        "train_loss": [
            1.0076112855564465,
            0.9964377554980192,
            0.9344451927638554,
            0.8846549320887852,
            0.8651958495586902,
            0.8622899468128498,
            0.8347643843063941,
            0.8217279748483137,
            0.8101701915680946,
            0.7987393586785643,
            0.7490580502923552,
            0.7556486046397602,
            0.7637453195932028,
            0.7229362196855612,
            0.7339032075621865,
            0.8887020970557953,
            0.8636573302995908,
            0.8242352217227429,
            0.8316293813131906,
            0.7930928485376851,
            0.7757231251343147,
            0.7342749633989134,
            0.6703201553204676,
            0.6748205110743329,
            0.822499577815716,
            0.8234654677497757,
            0.7999087476230168,
            0.7669062722812999,
            0.6798395014309383,
            0.6408371345980184,
            0.6347644758391213,
            0.6432800001197762,
            0.6453962459430828,
            0.6215922653258263,
            0.6176384428997973,
            0.5960475689881332,
            0.5654632059427408,
            0.6028965932505947,
            0.5896299302161156,
            0.5656666238824805,
            0.9245741017214901,
            0.8202860988937057,
            0.7716797748645703,
            0.7296067759707258,
            0.7012688976067764,
            0.7554981662676885,
            0.7376745697501657,
            0.6473311994459245,
            0.6260274882083172,
            0.6217197233980353,
            0.6221678778008147,
            0.6408632241345785,
            0.4776902842771757,
            0.5505032164233548,
            0.5418742426208683,
            0.46638462301734446,
            0.4373127132445782,
            0.42183170139372766,
            0.4104149214454464,
            0.4073555434083605,
            0.39477671630732664,
            0.3941884891136543,
            0.386815419980696,
            0.37931295229004813,
            0.37799070410795144,
            0.3756301832365823,
            0.37111523205583746,
            0.36725904516406827,
            0.3688444140907768,
            0.36931413162004695,
            0.3637426145426877,
            0.3604870342708134,
            0.36542353575879877,
            0.3588590578182594,
            0.35747428748991106,
            0.3551677892674933,
            0.34995189892662154,
            0.3500364022655087,
            0.4530893172417487,
            0.6111121479864721,
            0.6117381028362088,
            0.5587120525070004,
            0.47013465695447854,
            0.4064407334044263,
            0.38901193554584795,
            0.3751043448081383,
            0.3655362262592449,
            0.3594046531023679,
            0.35458379733812556,
            0.3521365210726545,
            0.3508829022204126,
            0.3475668876321166,
            0.34556736896088075,
            0.34045340902321825,
            0.33894585229300117,
            0.3389916670072329,
            0.3355880692288592,
            0.33411112709062085,
            0.33348698820267525,
            0.5892873531454926,
            0.6862822012467817,
            0.6081461602157646,
            0.5377675053122994,
            0.4162074858908887,
            0.31109010506343177,
            0.29802777717163514,
            0.2879332271697638,
            0.28327999623505384,
            0.27868342983139144,
            0.27511138724280404,
            0.27260128299256303,
            0.2698493430039266,
            0.26794788762406035,
            0.26669473570960384,
            0.2650717780306623,
            0.26394514406060837,
            0.26163704182718184,
            0.2617910521013753,
            0.2603738537201515,
            0.26022036144366634,
            0.2584183580808706,
            0.257454349027647,
            0.2581421827728098,
            0.25751903601042875,
            0.26035652690000466,
            0.2552718816103635,
            0.255026587552124,
            0.25297121609841194,
            0.2540568840670419,
            0.24957100067522142,
            0.25205413799185855,
            0.2499685355208137,
            0.45434665409001435,
            0.4519778398367075,
            0.4810692290742914,
            0.44788556353195563,
            0.43666681293007376,
            0.4135518930591903,
            0.285472858723227,
            0.2546978117702724,
            0.25119799583941904,
            0.2472426071242019,
            0.2454650176988615,
            0.24867414000567856,
            0.24619648527432156,
            0.24413624207873444,
            0.2449868670501909,
            0.24291909470424786,
            0.24181393091078404,
            0.24142237236866584,
            0.24193592275772896,
            0.24196240649773523,
            0.2429314505803835,
            0.23951776930085428,
            0.23883471903684256,
            0.20633181189740454,
            0.21800037989249596,
            0.23482869867678288,
            0.23354077089082945,
            0.23427673569926016,
            0.23343326797435335,
            0.23265436093707184,
            0.234757046807896,
            0.23375102794253744,
            0.23287494730699312,
            0.23152741539728391,
            0.2307454333021924,
            0.23177129499145321,
            0.2323991269706846,
            0.2320201181240015,
            0.23068229478972774,
            0.23150687732479788,
            0.23205140451868098,
            0.2320668331601403,
            0.23092119687503868,
            0.23222756750516957,
            0.23144717691661595,
            0.22973405095663937,
            0.23093484696391578,
            0.2415668485047934,
            0.22985046883146246,
            0.23069801207605775,
            0.23049111455887347,
            0.22735867112666577,
            0.22838396292466384,
            0.22921451290587444,
            0.22810493274168533,
            0.23013269432357975,
            0.22841998830541865,
            0.22726566974933332,
            0.22796268333921899,
            0.22863427335982556,
            0.22907582967431395,
            0.22829956910410126,
            0.22853220801253418,
            0.22717978966819657,
            0.22719317643375664,
            0.22740516650093184,
            0.2277633424822267,
            0.22851725360313496,
            0.22627833110469203,
            0.22605521956107,
            0.22626859324795384,
            0.22646870365092805,
            0.2255922518410049,
            0.22840586711059918,
            0.22642017181936677,
            0.22459283554470622,
            0.22706439424228,
            0.22660353977780243,
            0.22479329940739212,
            0.2246581141973709,
            0.2129200154042744,
            0.19407445202757428,
            0.1934268886184359,
            0.1935240194930897,
            0.1934775052579133,
            0.19208658585598418,
            0.1929654446723578,
            0.19250649672288161,
            0.19260006434433943,
            0.1930600980987082,
            0.19249609237784274,
            0.19212967636701944,
            0.19199452512747758,
            0.19212027415112182,
            0.19182603696843128,
            0.1921857495407958,
            0.19078657666703205,
            0.19239797427520886,
            0.19155938537804396,
            0.1914953567556568,
            0.19172525228737117,
