{
    "lr": 0.00045745782054754043,
    "weight_decay": 3.488976654890367e-05,
    "dropout": 0.3314950036607718,
    "hidden_size": 256,
    "latent_dim": 32,
    "n_layers": 2,
    "batch_size": 8,
    "noise_std": 0.03269124292259021,
    "n_augments": 8
}