{
    "hyperparameters": {
        "dropout": 0.3314950036607718,
        "noise_std": 0.03269124292259021,
        "n_augments": 8,
        "batch_size": 8,
        "lr": 0.00045745782054754043,
        "weight_decay": 3.488976654890367e-05,
        "epochs": 300,
        "patience": 50,
        "val_split": 0.15,
        "seed": 42
    },
    "best_val_loss": 0.11068399002154668,
    "train_history": {
        "train_loss": [
            1.0087967585850428,
            0.9869620720823328,
            0.9105692714244336,
            0.8797749772772089,
            0.8710575412203382,
            0.857703381068223,
            0.848149633490956,
            0.8377565912433438,
            0.838844465209054,
            0.8178242461664693,
            0.8119935889344115,
            0.8344546585649877,
            0.8181320733123726,
            0.8078066206478572,
            0.7768698997430868,
            0.7698372719171164,
            0.8029559563089917,
            0.7996366574214056,
            0.7479916485873136,
            0.6904648321491855,
            0.7331679292492099,
            0.7165761164851956,
            0.6606914159301278,
            0.6979371863645274,
            0.5792637131847702,
            0.5510364658349044,
            0.5563961246630529,
            0.6907611355914937,
            0.7138706095568783,
            0.6802594457472955,
            0.655330712145025,
            0.6743697815841728,
            0.6655275054744907,
            0.6708655924230189,
            0.6220740221597097,
            0.6642994997384665,
            0.6175521466281865,
            0.5942873217009165,
            0.512314364835099,
            0.43092144223359913,
            0.5034902183325974,
            0.5177569545649149,
            0.47767584077961794,
            0.5346176640970723,
            0.42493776695711627,
            0.3752766401617677,
            0.2835429642167125,
            0.2705829536372965,
            0.2577207895008834,
            0.252266815804935,
            0.2715816505097009,
            0.8973551217492644,
            0.897631586848439,
            0.7994011819779456,
            0.7123843452313563,
            0.711394570090554,
            0.6158363443988186,
            0.5957706408067183,
            0.5835511146725475,
            0.5554702061039585,
            0.5959492978099343,
            0.5597694920493173,
            0.5341574680971932,
            0.5159258627808178,
            0.48818743562364914,
            0.5196568069758115,
            0.508578059556601,
            0.4034702717424273,
            0.39847483230637504,
            0.3613630362323948,
            0.2982837099295396,
            0.2649632682958683,
            0.2598208720450635,
            0.29127438314311155,
            0.36979514527154134,
            0.3856653424201312,
            0.26748937618482366,
            0.20849324127177257,
            0.1927037619419031,
            0.23119213124672017,
            0.22771705009720541,
            0.2250830193499585,
            0.2225700132288299,
            0.22373047418944486,
            0.2202235012204497,
            0.2178940794893078,
            0.221302118126329,
            0.2179663353241407,
            0.2326464453985641,
            0.24525427880820694,
            0.21423684289822212,
            0.21421853645698175,
            0.2140947445914462,
            0.2118404542024319,
            0.21281729805302788,
            0.2172531186492293,
            0.21121343532642284,
            0.21382518123079847,
            0.22965381862400294,
            0.22526553710857472,
            0.21419762231253245,
            0.20850476341230886,
            0.20521033247867665,
            0.20451473918828098,
            0.20671993045956938,
            0.20867888254302364,
            0.24460204904312854,
            0.8369582918557253,
            0.8345429030331698,
            0.7841159305372438,
            0.7479685715862088,
            0.6940953644005569,
            0.625057480135164,
            0.5812348258662057,
            0.6347328074328549,
            0.5173418042543051,
            0.4584576460448178,
            0.3206691171947893,
            0.4663001925170005,
            0.46288891709767854,
            0.4053691650604035,
            0.344799892364682,
            0.31247664091887173,
            0.28096189209214456,
            0.2706748326341589,
            0.2610138536958428,
            0.25554843965943874,
            0.2514051093713387,
            0.2493793199529181,
            0.21318833092292705,
            0.193939036631084,
            0.22346806890897816,
            0.21934707035551537,
            0.21716030765246677,
            0.21675023071832591,
            0.21393386019276572,
            0.2162969431260249,
            0.20350170885766303,
            0.20344711558802145,
            0.18527267477312287,
            0.16821768556858277,
            0.16903198119643684,
            0.16808216878167398,
            0.16626062770406683,
            0.1662747549427139,
            0.16638952837540552,
            0.16657677730480275,
            0.1650212639486873,
            0.16512448543852026,
            0.16455505121421146,
            0.1816185806597863,
            0.510218864345884,
            0.3120352089196652,
            0.20417766721098574,
            0.19897181504256242,
            0.19080745684100198,
            0.18463651106490955,
            0.18059517818314214,
            0.17707404212934988,
            0.1772921729337919,
            0.17872394647423204,
            0.1748014401931029,
            0.16832179049928706,
            0.16580344934563537,
            0.16543437071613498,
            0.17690094414499255,
            0.16227495639057427,
            0.17355552341762956,
            0.16288791664622046,
            0.1609456428697893,
            0.16009429003392067,
            0.15856193542688876,
            0.16158302133525168,
            0.16063741334043183,
            0.159811597604018,
            0.16324702645098413,
            0.1570216326134188,
            0.16065719067216752,
            0.17212260285249123,
            0.1552488473537085,
            0.15655835217737651,
            0.16582170847829406,
            0.16412920025470373,
            0.17080672971018546,
            0.15776890427707793,
            0.15316340348103663,
            0.15272683176127347,
            0.15282344651388954,
            0.15298845186516954,
            0.15233232878096453,
            0.15280914660933967,
            0.1522289883944538,
            0.15301761312501413,
            0.15818776409109156,
            0.15346625692152477,
            0.15170132123923802,
            0.1503348116587092,
            0.20073022583981495,
            0.5154053641782774,
            0.2642974204325176,
            0.33411774987524206,
            0.18765615739605643,
            0.17467258234957714,
            0.1699181299109559,
            0.1646371276436986,
            0.16211471972348807,
            0.15963021191683682,
            0.1606526425355798,
            0.15893555505500806,
            0.15891849473639802,
            0.14404765229958755,
            0.134325793208359,
            0.14144438057095854,
            0.13909161070010045,
            0.1323532420959506,
            0.14265647629549452,
            0.140697101248311,
            0.13536136540082785,
            0.12977005421490104,
            0.13232268413880488,
            0.13164729562464295,
            0.1252979350152549,
            0.1378521017886542,
            0.13958819533561492,
            0.14210199184351033,
            0.13878833023193,
            0.17253683189620506,
            0.1706430793746368,
            0.1421638952268587,
            0.14098904813294644,
            0.12857768741937783,
            0.13691476263574787,
            0.15499294778475395,
